"subject_id","run","group","mean_rt"
"1","1_out","0T",475.942028985507
"1","2_in","0T",492.971428571429
"1","3_in_noise","0T",476.114285714286
"1","4_out","0T",440.859154929577
"2","1_out","0T",583.835820895522
"2","2_in","0T",594.818181818182
"2","3_in_noise","0T",540.285714285714
"2","4_out","0T",548.061538461538
"3","1_out","0T",529.242857142857
"3","2_in","0T",594.557142857143
"3","3_in_noise","0T",533.43661971831
"3","4_out","0T",472.986111111111
"4","1_out","0T",672.188405797101
"4","2_in","0T",709.098591549296
"4","3_in_noise","0T",677.91935483871
"4","4_out","0T",608.208955223881
"5","1_out","0T",585.958333333333
"5","2_in","0T",558.057142857143
"5","3_in_noise","0T",538.985074626866
"5","4_out","0T",553.714285714286
"6","1_out","0T",467.845070422535
"6","2_in","0T",587.2
"6","3_in_noise","0T",547.928571428571
"6","4_out","0T",493.671428571429
"7","1_out","0T",573.542857142857
"7","2_in","0T",619.373134328358
"7","3_in_noise","0T",617.527777777778
"7","4_out","0T",568.763888888889
"8","1_out","0T",455.830769230769
"8","2_in","0T",492.375
"8","3_in_noise","0T",483.044117647059
"8","4_out","0T",473.239436619718
"9","1_out","0T",684.09375
"9","2_in","0T",728.354838709677
"9","3_in_noise","0T",738.439393939394
"9","4_out","0T",669.328358208955
"10","1_out","0T",456.231884057971
"10","2_in","0T",452.507042253521
"10","3_in_noise","0T",462.185714285714
"10","4_out","0T",450.231884057971
"11","1_out","0T",515.805970149254
"11","2_in","0T",619.911764705882
"11","3_in_noise","0T",588.44776119403
"11","4_out","0T",523.169014084507
"12","1_out","0T",490.159420289855
"12","2_in","0T",529.130434782609
"12","3_in_noise","0T",550.154929577465
"12","4_out","0T",481.028169014084
"13","1_out","0T",600.583333333333
"13","2_in","0T",547.695652173913
"13","3_in_noise","0T",521.898550724638
"13","4_out","0T",533.930555555556
"14","1_out","0T",517.797101449275
"14","2_in","0T",495.453125
"14","3_in_noise","0T",513.537313432836
"14","4_out","0T",479.885714285714
"15","1_out","0T",757.887323943662
"15","2_in","0T",725.442857142857
"15","3_in_noise","0T",712.971830985916
"15","4_out","0T",651.732394366197
"16","1_out","0T",480.073529411765
"16","2_in","0T",537.236111111111
"16","3_in_noise","0T",491.313432835821
"16","4_out","0T",479.680555555556
"18","1_out","0T",519.142857142857
"18","2_in","0T",571.25
"18","3_in_noise","0T",559.657142857143
"18","4_out","0T",504.605633802817
"19","1_out","0T",524.5
"19","2_in","0T",577.611111111111
"19","3_in_noise","0T",556.75
"19","4_out","0T",456.375
"20","1_out","0T",471.985507246377
"20","2_in","0T",486.617647058824
"20","3_in_noise","0T",488.333333333333
"20","4_out","0T",459.30985915493
"21","1_out","0T",542.263888888889
"21","2_in","0T",577.369230769231
"21","3_in_noise","0T",581.122807017544
"21","4_out","0T",527.214285714286
"22","1_out","11.7T",447.597222222222
"22","2_in","11.7T",542.802816901409
"22","3_in_noise","11.7T",539.388888888889
"22","4_out","11.7T",498.777777777778
"23","1_out","11.7T",552.202898550725
"23","2_in","11.7T",578.339285714286
"23","3_in_noise","11.7T",551.466666666667
"23","4_out","11.7T",516.291666666667
"24","1_out","11.7T",804.80701754386
"24","2_in","11.7T",726.04347826087
"24","3_in_noise","11.7T",724.220588235294
"24","4_out","11.7T",673.069444444444
"25","1_out","11.7T",605.138888888889
"25","2_in","11.7T",573.816901408451
"25","3_in_noise","11.7T",581.671428571429
"25","4_out","11.7T",530.513888888889
"26","1_out","11.7T",544.788732394366
"26","2_in","11.7T",562.955223880597
"26","3_in_noise","11.7T",559.30985915493
"26","4_out","11.7T",559.388888888889
"27","1_out","11.7T",542.521126760563
"27","2_in","11.7T",570.732394366197
"27","3_in_noise","11.7T",545.638888888889
"27","4_out","11.7T",500.097222222222
"28","1_out","11.7T",477.848484848485
"28","2_in","11.7T",554.69014084507
"28","3_in_noise","11.7T",554.514285714286
"28","4_out","11.7T",498.763888888889
"29","1_out","11.7T",377.262295081967
"29","2_in","11.7T",454.582089552239
"29","3_in_noise","11.7T",468.910447761194
"29","4_out","11.7T",428.985915492958
"30","1_out","11.7T",623.220588235294
"30","2_in","11.7T",616.608695652174
"30","3_in_noise","11.7T",623.661764705882
"30","4_out","11.7T",558.069444444444
"31","1_out","11.7T",449.522388059701
"31","2_in","11.7T",472.151515151515
"31","3_in_noise","11.7T",470.294117647059
"31","4_out","11.7T",455.764705882353
"32","1_out","11.7T",425.314285714286
"32","2_in","11.7T",439.476923076923
"32","3_in_noise","11.7T",412.454545454545
"32","4_out","11.7T",386.716417910448
"33","1_out","11.7T",463.65671641791
"33","2_in","11.7T",552.017857142857
"33","3_in_noise","11.7T",516.363636363636
"33","4_out","11.7T",447.34375
"34","1_out","11.7T",432.378787878788
"34","2_in","11.7T",504.377049180328
"34","3_in_noise","11.7T",498.474576271186
"34","4_out","11.7T",425.078125
"35","1_out","11.7T",513.710144927536
"35","2_in","11.7T",542.590909090909
"35","3_in_noise","11.7T",534.608695652174
"35","4_out","11.7T",495.536231884058
"36","1_out","11.7T",514.257142857143
"36","2_in","11.7T",538.584615384615
"36","3_in_noise","11.7T",551.092307692308
"36","4_out","11.7T",503.535211267606
"37","1_out","11.7T",514.455882352941
"37","2_in","11.7T",566.914285714286
"37","3_in_noise","11.7T",522.34375
"37","4_out","11.7T",555.791666666667
"38","1_out","11.7T",519.414285714286
"38","2_in","11.7T",521.913043478261
"38","3_in_noise","11.7T",589.253731343284
"38","4_out","11.7T",477.057971014493
"41","1_out","11.7T",592.085714285714
"41","2_in","11.7T",616.140845070423
"41","3_in_noise","11.7T",645.136363636364
"41","4_out","11.7T",630.676056338028
"42","1_out","11.7T",620.535211267606
"42","2_in","11.7T",587.955223880597
"42","3_in_noise","11.7T",561.044776119403
"42","4_out","11.7T",539.985714285714
